,post_id,source,date,text,image,url
0,962170830896016,Prefeitura de IcÃ©m,"[datetime.datetime(2020, 6, 29, 17, 0, 11)]",ğŸš¨Confira o Boletim InformativoğŸš¨ de IcÃ©m referente ao Covid-19 atualizado em 29/06 Ã s 17:00 hrs 3Â° Caso confirmado  ğŸš« # Fique em Casa  ğŸ¡ğŸ¡ğŸ¡ğŸ¡  # Use MÃ¡scara ğŸ˜·ğŸ˜·# PrevenÃ§Ã£o. Lavar as mÃ£os Frequente com Ã¡gua e sabÃ£oğŸ§¼ğŸ§¼ğŸ§¼,https://scontent.fcgh7-1.fna.fbcdn.net/v/t1.0-9/106748021_962170790896020_3777573082444192638_n.jpg?_nc_cat=102&_nc_sid=110474&_nc_ohc=9_DRoMmUMH8AX9Q2vGS&_nc_ht=scontent.fcgh7-1.fna&oh=5c373e6dc331a47288cdacad0a4eba30&oe=5F224B21,/story.php?story_fbid=962170830896016&id=234499770329796
1,961495100963589,Prefeitura de IcÃ©m,"[datetime.datetime(2020, 6, 28, 17, 0, 15)]",ğŸš¨Confira o Boletim InformativoğŸš¨ de IcÃ©m referente ao Covid-19 atualizado em 27/06 Ã s 17:00 hrs 3Â° Caso confirmado  ğŸš« # Fique em Casa  ğŸ¡ğŸ¡ğŸ¡ğŸ¡  # Use MÃ¡scara ğŸ˜·ğŸ˜·# PrevenÃ§Ã£o. Lavar as mÃ£os Frequente com Ã¡gua e sabÃ£oğŸ§¼ğŸ§¼ğŸ§¼,https://scontent.fcgh7-1.fna.fbcdn.net/v/t1.0-9/106221022_961495070963592_2989426799110018846_n.jpg?_nc_cat=110&_nc_sid=110474&_nc_ohc=63gWePcDWcMAX9mRjpq&_nc_ht=scontent.fcgh7-1.fna&oh=3e3c2167e30b83b73d90d78302de26b9&oe=5F21228F,/story.php?story_fbid=961495100963589&id=234499770329796
3,960726124373820,Prefeitura de IcÃ©m,"[datetime.datetime(2020, 6, 27, 17, 32, 15)]",ğŸš¨Confira o Boletim InformativoğŸš¨ de IcÃ©m referente ao Covid-19 atualizado em 27/06 Ã s 17:00 hrs 3Â° Caso confirmado  ğŸš« # Fique em Casa  ğŸ¡ğŸ¡ğŸ¡ğŸ¡  # Use MÃ¡scara ğŸ˜·ğŸ˜·# PrevenÃ§Ã£o. Lavar as mÃ£os Frequente com Ã¡gua e sabÃ£oğŸ§¼ğŸ§¼ğŸ§¼,https://scontent.fcgh7-1.fna.fbcdn.net/v/t1.0-9/106172552_960726091040490_5518219986990554829_n.jpg?_nc_cat=108&_nc_sid=110474&_nc_ohc=Jj5tO-mbJGoAX9XH11E&_nc_ht=scontent.fcgh7-1.fna&oh=6a82c160aeaa768565f018c8b507c8cd&oe=5F1FBA0F,/story.php?story_fbid=960726124373820&id=234499770329796
5,959994087780357,Prefeitura de IcÃ©m,"[datetime.datetime(2020, 6, 26, 17, 17, 51)]","ğŸš¨Confira o Boletim InformativoğŸš¨ de IcÃ©m referente ao Covid-19 atualizado em 25/06 Ã s 17:00 hrs 3Â° Caso confirmado  ğŸš« # Fique em Casa  ğŸ¡ğŸ¡ğŸ¡ğŸ¡  # Use MÃ¡scara ğŸ˜·ğŸ˜·# PrevenÃ§Ã£o. Lavar as mÃ£os Frequente com Ã¡gua e sabÃ£oğŸ§¼ğŸ§¼ğŸ§¼  A DivisÃ£o Municipal  da SaÃºde de IcÃ©m confirma nesta sexta-feira, 26, o terceiro caso positivo de coronavÃ­rus na cidade. De acordo com o diretor pasta de saÃºde AndrÃ© Orasmo, o paciente institucionalizada Ã© um homem de 33 anos que jÃ¡ estÃ¡ em isolamento.",https://scontent.fcgh7-1.fna.fbcdn.net/v/t1.0-9/105996804_959994071113692_6688059955161196088_n.jpg?_nc_cat=102&_nc_sid=110474&_nc_ohc=l1LBW-J4rL8AX8FiQZs&_nc_ht=scontent.fcgh7-1.fna&oh=e8b05d3f040a95e6f627c77efa7c5180&oe=5F22C2BE,/story.php?story_fbid=959994087780357&id=234499770329796
6,959277597852006,Prefeitura de IcÃ©m,"[datetime.datetime(2020, 6, 25, 17, 0, 19)]",ğŸš¨Confira o Boletim InformativoğŸš¨ de IcÃ©m referente ao Covid-19 atualizado em 25/06 Ã s 17:00 hrs 2Â° Caso confirmado  ğŸš« # Fique em Casa  ğŸ¡ğŸ¡ğŸ¡ğŸ¡  # Use MÃ¡scara ğŸ˜·ğŸ˜·# PrevenÃ§Ã£o.  Lavar as mÃ£os Frequente com Ã¡gua e sabÃ£o ğŸ¤šğŸ¤šğŸ§¼ğŸ§¼ğŸ§¼,https://scontent.fcgh7-1.fna.fbcdn.net/v/t1.0-9/106109734_959277574518675_8552687412378392148_n.jpg?_nc_cat=105&_nc_sid=110474&_nc_ohc=Le3B4JXD_7AAX-tqnCm&_nc_ht=scontent.fcgh7-1.fna&oh=6912096af4353fa05b9dacc1ba02fd80&oe=5F217F88,/story.php?story_fbid=959277597852006&id=234499770329796
9,957834814662951,Prefeitura de IcÃ©m,"[datetime.datetime(2020, 6, 23, 17, 20, 39)]",ğŸš¨Confira o Boletim InformativoğŸš¨ de IcÃ©m referente ao Covid-19 atualizado em 23/06 Ã s 17:00 hrs 2Â° Caso confirmado  ğŸš« # Fique em Casa  ğŸ¡ğŸ¡ğŸ¡ğŸ¡  # Use MÃ¡scara ğŸ˜·ğŸ˜·# PrevenÃ§Ã£o.  Lavar as mÃ£os Frequente com Ã¡gua e sabÃ£o ğŸ¤šğŸ¤šğŸ§¼ğŸ§¼ğŸ§¼,https://scontent.fcgh7-1.fna.fbcdn.net/v/t1.0-9/105980734_957834794662953_7905839941293164176_n.jpg?_nc_cat=109&_nc_sid=110474&_nc_ohc=_yPLMvv9_V8AX98vqWA&_nc_ht=scontent.fcgh7-1.fna&oh=a75b886dd5f2e0a406757b8945704c6e&oe=5F1F672A,/story.php?story_fbid=957834814662951&id=234499770329796
12,957074851405614,Prefeitura de IcÃ©m,"[datetime.datetime(2020, 6, 22, 17, 0, 10)]",ğŸš¨Confira o Boletim InformativoğŸš¨ de IcÃ©m referente ao Covid-19 atualizado em 22/06 Ã s 17:00 hrs 2Â° Caso confirmado  ğŸš« # Fique em Casa  ğŸ¡ğŸ¡ğŸ¡ğŸ¡  # Use MÃ¡scara ğŸ˜·ğŸ˜·# PrevenÃ§Ã£o.  Lavar as mÃ£os Frequente com Ã¡gua e sabÃ£o ğŸ¤šğŸ¤šğŸ§¼ğŸ§¼ğŸ§¼,https://scontent.fcgh7-1.fna.fbcdn.net/v/t1.0-9/106017469_957074831405616_3345670860865818114_n.jpg?_nc_cat=105&_nc_sid=110474&_nc_ohc=UVJqdFApAYUAX9SY3Dv&_nc_ht=scontent.fcgh7-1.fna&oh=202580b4204fe8f1a875bc021535c11a&oe=5F20A5A2,/story.php?story_fbid=957074851405614&id=234499770329796
15,956420174804415,Prefeitura de IcÃ©m,"[datetime.datetime(2020, 6, 21, 18, 19, 43)]",ğŸš¨Confira o Boletim InformativoğŸš¨ de IcÃ©m referente ao Covid-19 atualizado em 21/06 Ã s 17:00 hrs 2Â° Caso confirmado  ğŸš« # Fique em Casa  ğŸ¡ğŸ¡ğŸ¡ğŸ¡  # Use MÃ¡scara ğŸ˜·ğŸ˜·# PrevenÃ§Ã£o.  Lavar as mÃ£os Frequente com Ã¡gua e sabÃ£o ğŸ¤šğŸ¤šğŸ§¼ğŸ§¼ğŸ§¼ .,https://scontent.fcgh7-1.fna.fbcdn.net/v/t1.0-9/104814197_956420154804417_1547232094563375308_n.jpg?_nc_cat=111&_nc_sid=110474&_nc_ohc=E68VHhgOiPEAX9r0dDs&_nc_ht=scontent.fcgh7-1.fna&oh=fa1ed9f732e173bdd05f5a75961056fa&oe=5F2204BF,/story.php?story_fbid=956420174804415&id=234499770329796
17,955575804888852,Prefeitura de IcÃ©m,"[datetime.datetime(2020, 6, 20, 17, 0, 5)]",ğŸš¨Confira o Boletim InformativoğŸš¨ de IcÃ©m referente ao Covid-19 atualizado em 20/06 Ã s 17:00 hrs 2Â° Caso confirmado  ğŸš« # Fique em Casa  ğŸ¡ğŸ¡ğŸ¡ğŸ¡  # Use MÃ¡scara ğŸ˜·ğŸ˜·# PrevenÃ§Ã£o.  Lavar as mÃ£os Frequente com Ã¡gua e sabÃ£o ğŸ¤šğŸ¤šğŸ§¼ğŸ§¼ğŸ§¼ .,https://scontent.fcgh7-1.fna.fbcdn.net/v/t1.0-9/104657209_955575781555521_3528520002855340148_n.jpg?_nc_cat=103&_nc_sid=110474&_nc_ohc=ZKC-swLEI-UAX-3-M_x&_nc_ht=scontent.fcgh7-1.fna&oh=45d9b9382a9f93cf255da937498fa127&oe=5F20AB37,/story.php?story_fbid=955575804888852&id=234499770329796
21,954818228297943,Prefeitura de IcÃ©m,"[datetime.datetime(2020, 6, 19, 17, 15, 5)]",ğŸš¨Confira o Boletim InformativoğŸš¨ de IcÃ©m referente ao Covid-19 atualizado em 19/06 Ã s 17:15hrs 2Â° Caso confirmado  ğŸš« # Fique em Casa  ğŸ¡ğŸ¡ğŸ¡ğŸ¡  # UseMÃ¡scara ğŸ˜·ğŸ˜·# PrevenÃ§Ã£o.  Lavar as mÃ£os Frequente com Ã¡gua e sabÃ£o ğŸ¤šğŸ¤šğŸ§¼ğŸ§¼ğŸ§¼ .,https://scontent.fcgh7-1.fna.fbcdn.net/v/t1.0-9/104434399_954818201631279_3507146707651189731_n.jpg?_nc_cat=104&_nc_sid=110474&_nc_ohc=o01YWmkHtZEAX_923XU&_nc_ht=scontent.fcgh7-1.fna&oh=b84f07b01e2771bbaa0d84a811f2e5d2&oe=5F205A0B,/story.php?story_fbid=954818228297943&id=234499770329796
22,954101798369586,Prefeitura de IcÃ©m,"[datetime.datetime(2020, 6, 18, 17, 15, 12)]",ğŸš¨Confira o Boletim InformativoğŸš¨ de IcÃ©m referente ao Covid-19 atualizado em 18/06 Ã s 17:15hrs 2Â° Caso confirmado  ğŸš« # FiqueEmCasağŸ¡  # UseMÃ¡scara ğŸ˜·ğŸ˜·# PrevenÃ§Ã£oğŸ¡ğŸ¡ğŸ˜·ğŸ˜·,https://scontent.fcgh7-1.fna.fbcdn.net/v/t1.0-9/104714280_954101771702922_942671278454261807_n.jpg?_nc_cat=107&_nc_sid=110474&_nc_ohc=FHoYU_7oERsAX9SHYW6&_nc_ht=scontent.fcgh7-1.fna&oh=a2b32c1c879f51364b0309556995c06d&oe=5F213033,/story.php?story_fbid=954101798369586&id=234499770329796
25,953440648435701,Prefeitura de IcÃ©m,"[datetime.datetime(2020, 6, 17, 20, 28, 33)]","Saiba porque a Prefeitura nÃ£o divulga nomes das pessoas com COVID-19 A Prefeitura de IcÃ©m por meio da DivisÃ£o Municipal de SaÃºde esclarece o motivo de nÃ£o divulgar de nÃ£o divulgar os nomes das pessoas testadas com Covid-19. O MunicÃ­pio segue o protocolo de divulgaÃ§Ã£o de casos de doenÃ§as endÃªmicas atravÃ©s de Boletim EpidemiolÃ³gico, entretanto, nÃ£o tem a obrigaÃ§Ã£o de publicar o nome pacientes em investigaÃ§Ã£o, suspeitos, confirmados e descartados, pois segue os princÃ­pios da Lei Geral de ProteÃ§Ã£o de Dados (LGPD). Esta lei prevÃª a proteÃ§Ã£o de â€œdados sensÃ­veisâ€, ou seja, informaÃ§Ãµes que, por sua prÃ³pria natureza, geram presunÃ§Ã£o de que apresentam maior potencial de serem usadas para discriminaÃ§Ã£o dos seus titulares. Conforme a LGPD, em seu artigo 7Âº, parÃ¡grafo 4Âº, dispÃµe que Ã© dispensada a exigÃªncia do consentimento para os dados tornados manifestante pÃºblicos pela prÃ³pria pessoa, ou seja, somente a pessoa que foi testada tem a opÃ§Ã£o de divulgar ou nÃ£o o resultado do seu exame. EU DEVO INFORMAR ONDE EU TRABALHO, ESTUDO OU FREQUENTO QUE ESTOU COM COVID-19? Com isso, a SaÃºde atravÃ©s da VigilÃ¢ncia EpidemiolÃ³gica tem por obrigaÃ§Ã£o somente da DIVULGAÃ‡ÃƒO dos nÃºmeros e da divisÃ£o dos casos (informando a idade, sexo e se apresenta histÃ³rico de outras doenÃ§as), mas nÃ£o das informaÃ§Ãµes especÃ­ficas das pessoas que foram testadas, como o nome completo ou localidade. De acordo com o artigo 11, inciso VII da LGPD, o compartilhamento da informaÃ§Ã£o pode ser dispensÃ¡vel o consentimento do infectado porque a justificativa Ã© a â€œproteÃ§Ã£o da vida ou incolumidade fÃ­sica do titular ou de terceiroâ€. Ou seja, Ã© direito exclusivo da pessoa que fez o exame de CoronavÃ­rus se quiser compartilhar de forma aberta, como forma de alertar a populaÃ§Ã£o, a maneira de como foi contaminado e recuperaÃ§Ã£o da saÃºde. A Prefeitura de IcÃ©m ressalta que todas as pessoas que estÃ£o sendo notificadas terÃ£o o  direito Ã  privacidade e intimidade garantida pelo Poder PÃºblico. Entretanto, as pessoas que foram testadas, sÃ£o obrigadas a permanecerem em isolamento social, pois se nÃ£o, estarÃ¡ cometendo o crime contra a saÃºde pÃºblica.",https://scontent.fcgh7-1.fna.fbcdn.net/v/t1.0-9/104476776_953440635102369_6750416990099877021_n.jpg?_nc_cat=103&_nc_sid=110474&_nc_oc=AQmhFjoMxvfgCMWybLPxDhsS6Yb1SWk2y5q0QC7DgFvIr_bt1Fiky_wUJ5bOx7DBNBQ&_nc_ht=scontent.fcgh7-1.fna&oh=65191cdca25d58a83e7a58bc2caffb39&oe=5F1FCA76,/story.php?story_fbid=953440648435701&id=234499770329796
26,953350978444668,Prefeitura de IcÃ©m,"[datetime.datetime(2020, 6, 17, 17, 17, 55)]","SaÃºde confirma o 2Âº caso de Covid-19 em IcÃ©m A DivisÃ£o  Municipal de SaÃºde de IcÃ©m, confirma  nesta quarta- feira (17), mais um caso de coronavÃ­rus. Agora, o nÃºmero de resultados positivos no municÃ­pio sÃ£o 2. De acordo com diretor de saÃºde AndrÃ© Orasmo, trata-se de um homem de aproximadamente 50  anos, que estÃ¡ em isolamento domiciliar juntamente com a famÃ­lia. NÃ£o serÃ¡ divulgado outras informaÃ§Ãµes sobre o caso para preservar o paciente. Segundo o Boletim EpidemiolÃ³gico da Secretaria de SaÃºde, o municÃ­pio conta com 16 casos descartados, 1 em investigaÃ§Ã£o e 2 confirmados.",https://scontent.fcgh7-1.fna.fbcdn.net/v/t1.0-9/104247203_953350951778004_4286520936557109260_n.jpg?_nc_cat=108&_nc_sid=110474&_nc_ohc=jK1dF0my_zMAX_kNCQF&_nc_ht=scontent.fcgh7-1.fna&oh=78a2edbe6ca87fbf7abd0b47c5bf4123&oe=5F22BC48,/story.php?story_fbid=953350978444668&id=234499770329796
28,952634735182959,Prefeitura de IcÃ©m,"[datetime.datetime(2020, 6, 16, 17, 23, 5)]",ğŸš¨Confira o Boletim InformativoğŸš¨ de IcÃ©m referente ao Covid-19 atualizado em 16/06 Ã s 17:20hrs 1Â° Caso confirmado  ğŸš« # FiqueEmCasağŸ¡  # UseMÃ¡scara ğŸ˜·ğŸ˜·# PrevenÃ§Ã£oğŸ¡ğŸ¡ğŸ˜·ğŸ˜·,https://scontent.fcgh7-1.fna.fbcdn.net/v/t1.0-9/104101116_952634701849629_803840117367954404_n.jpg?_nc_cat=111&_nc_sid=110474&_nc_ohc=VrvaSTpiqL4AX_7FSEc&_nc_ht=scontent.fcgh7-1.fna&oh=742c23f661af0a525ce150f6a526bb00&oe=5F201F99,/story.php?story_fbid=952634735182959&id=234499770329796
32,951911955255237,Prefeitura de IcÃ©m,"[datetime.datetime(2020, 6, 15, 17, 54, 13)]",ğŸš¨Confira o Boletim InformativoğŸš¨ de IcÃ©m referente ao Covid-19 atualizado em 15/06 Ã s 17:00h  1Â° Caso confirmado  ğŸš« # FiqueEmCasağŸ¡  # UseMÃ¡scara ğŸ˜·ğŸ˜·# PrevenÃ§Ã£oğŸ¡ğŸ¡ğŸ˜·ğŸ˜·,https://scontent.fcgh7-1.fna.fbcdn.net/v/t1.0-9/104412038_951911918588574_6496177939927067725_o.jpg?_nc_cat=100&_nc_sid=110474&_nc_ohc=sfawZCDZnNgAX8wooBP&_nc_ht=scontent.fcgh7-1.fna&oh=571963fe016681f16b6d1f0333a700b6&oe=5F222749,/story.php?story_fbid=951911955255237&id=234499770329796
33,951201068659659,Prefeitura de IcÃ©m,"[datetime.datetime(2020, 6, 14, 18, 8, 12)]",ğŸš¨Confira o Boletim InformativoğŸš¨ de IcÃ©m referente ao Covid-19 atualizado em 14/06 Ã s 17:00h  Seguimos sem caso em investigaÃ§Ã£o em nossa cidade.  # FiqueEmCasağŸ¡  # UseMÃ¡scara ğŸ˜·ğŸ˜·# PrevenÃ§Ã£oğŸ¡ğŸ¡ğŸ˜·ğŸ˜·,https://scontent.fcgh7-1.fna.fbcdn.net/v/t1.0-9/82343492_951201038659662_7856983183318198450_n.jpg?_nc_cat=107&_nc_sid=110474&_nc_ohc=Tc-duyH28b0AX_N-i0v&_nc_ht=scontent.fcgh7-1.fna&oh=d8cf97fa103e2da937776f8a98b19332&oe=5F2113AE,/story.php?story_fbid=951201068659659&id=234499770329796
34,950399455406487,Prefeitura de IcÃ©m,"[datetime.datetime(2020, 6, 13, 17, 25, 38)]",ğŸš¨Confira o Boletim InformativoğŸš¨ de IcÃ©m referente ao Covid-19 atualizado em 13/06 Ã s 17:00h  Seguimos sem caso em investigaÃ§Ã£o em nossa cidade.  # FiqueEmCasağŸ¡  # UseMÃ¡scara ğŸ˜·ğŸ˜·# PrevenÃ§Ã£oğŸ¡ğŸ¡ğŸ˜·ğŸ˜·,https://scontent.fcgh7-1.fna.fbcdn.net/v/t1.0-9/104016536_950399412073158_243560112755831890_n.jpg?_nc_cat=110&_nc_sid=110474&_nc_ohc=XMaYVrakfEsAX-JgRLB&_nc_ht=scontent.fcgh7-1.fna&oh=915d7595b7f9b1415bb7627a89b40b74&oe=5F23218C,/story.php?story_fbid=950399455406487&id=234499770329796
35,949655008814265,Prefeitura de IcÃ©m,"[datetime.datetime(2020, 6, 12, 17, 0, 25)]",ğŸš¨Confira o Boletim InformativoğŸš¨ de IcÃ©m referente ao Covid-19 atualizado em 12/06 Ã s 17:00h  Seguimos sem caso em investigaÃ§Ã£o em nossa cidade.  # FiqueEmCasağŸ¡  # UseMÃ¡scara ğŸ˜·ğŸ˜·# PrevenÃ§Ã£oğŸ¡ğŸ¡ğŸ˜·ğŸ˜·,https://scontent.fcgh7-1.fna.fbcdn.net/v/t1.0-9/103846846_949654988814267_4961708285180488897_n.jpg?_nc_cat=111&_nc_sid=110474&_nc_ohc=Jfl7CLUwgGkAX865qGA&_nc_ht=scontent.fcgh7-1.fna&oh=82565e3da9541f15fbfe5190068ccf96&oe=5F22B510,/story.php?story_fbid=949655008814265&id=234499770329796
36,948927698886996,Prefeitura de IcÃ©m,"[datetime.datetime(2020, 6, 11, 17, 4, 11)]",ğŸš¨Confira o Boletim InformativoğŸš¨ de IcÃ©m referente ao Covid-19 atualizado em 11/06 Ã s 17:00h  Seguimos sem caso em investigaÃ§Ã£o em nossa cidade.  # FiqueEmCasağŸ¡  # UseMÃ¡scara ğŸ˜·ğŸ˜·# PrevenÃ§Ã£oğŸ¡ğŸ¡ğŸ˜·ğŸ˜·,https://scontent.fcgh7-1.fna.fbcdn.net/v/t1.0-9/103960054_948927675553665_6170885798234158566_n.jpg?_nc_cat=108&_nc_sid=110474&_nc_oc=AQmUItZl6N3NUnlUZUaCWtA_hdBqH_cuRREgjPaSVaNMRNlly7V4ShtinfyPL85FsIc&_nc_ht=scontent.fcgh7-1.fna&oh=38e62ae73d21a5295cdafef5016d9ebf&oe=5F228591,/story.php?story_fbid=948927698886996&id=234499770329796
37,948225618957204,Prefeitura de IcÃ©m,"[datetime.datetime(2020, 6, 10, 17, 14, 35)]",ğŸš¨Confira o Boletim InformativoğŸš¨ de IcÃ©m referente ao Covid-19 atualizado em 10/06 Ã s 17:00h  Seguimos sem caso em investigaÃ§Ã£o em nossa cidade.  # FiqueEmCasağŸ¡  # UseMÃ¡scara ğŸ˜·ğŸ˜·# PrevenÃ§Ã£oğŸ¡ğŸ¡ğŸ˜·ğŸ˜·,https://scontent.fcgh7-1.fna.fbcdn.net/v/t1.0-9/103577502_948225555623877_7886291553196218995_n.jpg?_nc_cat=101&_nc_sid=110474&_nc_ohc=w1umoBsRfpsAX8udgN5&_nc_ht=scontent.fcgh7-1.fna&oh=18af996a4ac375bdc6b66f665a8a57ec&oe=5F214BF1,/story.php?story_fbid=948225618957204&id=234499770329796
41,947524912360608,Prefeitura de IcÃ©m,"[datetime.datetime(2020, 6, 9, 17, 2, 29)]",ğŸš¨Confira o Boletim InformativoğŸš¨ de IcÃ©m referente ao Covid-19 atualizado em 09/06 Ã s 17:00h  Seguimos sem caso em investigaÃ§Ã£o em nossa cidade.  # FiqueEmCasağŸ¡  # UseMÃ¡scara ğŸ˜·ğŸ˜·# PrevenÃ§Ã£oğŸ¡ğŸ¡ğŸ˜·ğŸ˜·,https://scontent.fcgh7-1.fna.fbcdn.net/v/t1.0-9/103948981_947524892360610_5803705992635850963_n.jpg?_nc_cat=107&_nc_sid=110474&_nc_ohc=EJgEogCRzewAX_KdYDm&_nc_ht=scontent.fcgh7-1.fna&oh=499127cc77c4a841c12690277560323b&oe=5F2043B5,/story.php?story_fbid=947524912360608&id=234499770329796
44,946797012433398,Prefeitura de IcÃ©m,"[datetime.datetime(2020, 6, 8, 17, 4, 23)]",ğŸš¨Confira o Boletim InformativoğŸš¨ de IcÃ©m referente ao Covid-19 atualizado em 08/06 Ã s 17:00h  Seguimos sem caso em investigaÃ§Ã£o em nossa cidade.  # FiqueEmCasağŸ¡  # UseMÃ¡scara ğŸ˜·ğŸ˜·# PrevenÃ§Ã£oğŸ¡ğŸ¡ğŸ˜·ğŸ˜·,https://scontent.fcgh7-1.fna.fbcdn.net/v/t1.0-9/103157693_946796985766734_2000073848930907000_n.jpg?_nc_cat=104&_nc_sid=110474&_nc_ohc=kybfSgf9ZUYAX8lUl4i&_nc_ht=scontent.fcgh7-1.fna&oh=3f8905e2d746e488d20cfaac4a40aa61&oe=5F230473,/story.php?story_fbid=946797012433398&id=234499770329796
45,945961455850287,Prefeitura de IcÃ©m,"[datetime.datetime(2020, 6, 7, 17, 2, 27)]",ğŸš¨Confira o Boletim InformativoğŸš¨ de IcÃ©m referente ao Covid-19 atualizado em 07/06 Ã s 17:00h  Seguimos sem caso em investigaÃ§Ã£o em nossa cidade.  # FiqueEmCasağŸ¡  # UseMÃ¡scara ğŸ˜·ğŸ˜·# PrevenÃ§Ã£oğŸ¡ğŸ¡ğŸ˜·ğŸ˜·,https://scontent.fcgh7-1.fna.fbcdn.net/v/t1.0-9/102879153_945961415850291_1491627052460228003_n.jpg?_nc_cat=101&_nc_sid=110474&_nc_oc=AQmh_21y3vXQYpZgU8Brm8vvnkoFmDgK6_RlVHe6nK35eIH_YCAJz4JxTnMH3-4hyG8&_nc_ht=scontent.fcgh7-1.fna&oh=6844bc723efaeb518c12e9392030e28b&oe=5F20E7E3,/story.php?story_fbid=945961455850287&id=234499770329796
46,945164655929967,Prefeitura de IcÃ©m,"[datetime.datetime(2020, 6, 6, 17, 5, 42)]",ğŸš¨Confira o Boletim InformativoğŸš¨ de IcÃ©m referente ao Covid-19 atualizado em 06/06 Ã s 17:00h  Seguimos sem caso em investigaÃ§Ã£o em nossa cidade.  # FiqueEmCasağŸ¡  # UseMÃ¡scara ğŸ˜·ğŸ˜·# PrevenÃ§Ã£oğŸ¡ğŸ¡ğŸ˜·ğŸ˜·,https://scontent.fcgh7-1.fna.fbcdn.net/v/t1.0-9/102590306_945164635929969_9188410152242774726_n.jpg?_nc_cat=107&_nc_sid=110474&_nc_ohc=dXWapZ_NbKIAX_b-oes&_nc_ht=scontent.fcgh7-1.fna&oh=b100d758260068d0cc8f5efdfda59ec8&oe=5F2325EA,/story.php?story_fbid=945164655929967&id=234499770329796
48,944375739342192,Prefeitura de IcÃ©m,"[datetime.datetime(2020, 6, 5, 17, 6, 4)]",ğŸš¨Confira o Boletim InformativoğŸš¨ de IcÃ©m referente ao Covid-19 atualizado em 05/06 Ã s 17:00h  Seguimos sem caso em investigaÃ§Ã£o em nossa cidade.  # FiqueEmCasağŸ¡  # UseMÃ¡scara ğŸ˜·ğŸ˜·# PrevenÃ§Ã£oğŸ¡ğŸ¡ğŸ˜·ğŸ˜·,https://scontent.fcgh7-1.fna.fbcdn.net/v/t1.0-9/102741145_944375702675529_4164076276369622897_n.jpg?_nc_cat=107&_nc_sid=110474&_nc_ohc=CtoouEjqD-oAX_QaZiD&_nc_ht=scontent.fcgh7-1.fna&oh=3c35b28d05b39109edbd39965c0c6c85&oe=5F20AFE6,/story.php?story_fbid=944375739342192&id=234499770329796
51,943599962753103,Prefeitura de IcÃ©m,"[datetime.datetime(2020, 6, 4, 17, 6, 33)]",ğŸš¨Confira o Boletim InformativoğŸš¨ de IcÃ©m referente ao Covid-19 atualizado em 04/06 Ã s 17:00h  Seguimos sem caso em investigaÃ§Ã£o em nossa cidade.  # FiqueEmCasağŸ¡  # UseMÃ¡scara ğŸ˜·ğŸ˜·# PrevenÃ§Ã£oğŸ¡ğŸ¡ğŸ˜·ğŸ˜·,https://scontent.fcgh7-1.fna.fbcdn.net/v/t1.0-9/101850335_943599932753106_5559595535561654272_n.jpg?_nc_cat=109&_nc_sid=110474&_nc_ohc=cT8CC9BQKNkAX84D5Rp&_nc_ht=scontent.fcgh7-1.fna&oh=5e7c5783bc2f925e00e2cd68757dadec&oe=5F1F9850,/story.php?story_fbid=943599962753103&id=234499770329796
52,942869009492865,Prefeitura de IcÃ©m,"[datetime.datetime(2020, 6, 3, 17, 30, 10)]",ğŸš¨Confira o Boletim InformativoğŸš¨ de IcÃ©m referente ao Covid-19 atualizado em 03/06 Ã s 17:00h  Seguimos sem caso em investigaÃ§Ã£o em nossa cidade.  # FiqueEmCasağŸ¡ # UseMÃ¡scara ğŸ˜·# PrevenÃ§Ã£o.,https://scontent.fcgh7-1.fna.fbcdn.net/v/t1.0-9/101788234_942868992826200_205114302183505920_n.jpg?_nc_cat=102&_nc_sid=110474&_nc_ohc=f-igtf5joNsAX8DfVCl&_nc_ht=scontent.fcgh7-1.fna&oh=ad78d577b783073069f19c129b26626c&oe=5F2082B7,/story.php?story_fbid=942869009492865&id=234499770329796
54,942045649575201,Prefeitura de IcÃ©m,"[datetime.datetime(2020, 6, 2, 17, 4, 19)]",ğŸš¨Confira o Boletim InformativoğŸš¨ de IcÃ©m referente ao Covid-19 atualizado em 02/06 Ã s 17:00h  Seguimos sem caso em investigaÃ§Ã£o em nossa cidade.  # FiqueEmCasağŸ¡ # UseMÃ¡scara ğŸ˜·# PrevenÃ§Ã£o.,https://scontent.fcgh7-1.fna.fbcdn.net/v/t1.0-9/102392862_942045622908537_1096863771848081408_n.jpg?_nc_cat=100&_nc_sid=110474&_nc_ohc=SoZT-LzFjbEAX-0kTBE&_nc_ht=scontent.fcgh7-1.fna&oh=3b489af0f89da40c8f57d0aada91b9e0&oe=5F218A0C,/story.php?story_fbid=942045649575201&id=234499770329796
56,941331232979976,Prefeitura de IcÃ©m,"[datetime.datetime(2020, 6, 1, 17, 5, 7)]",ğŸš¨Confira o Boletim InformativoğŸš¨ de IcÃ©m referente ao Covid-19 atualizado em 01/06 Ã s 17:00h  Seguimos sem caso em investigaÃ§Ã£o em nossa cidade.  # FiqueEmCasağŸ¡ # UseMÃ¡scara ğŸ˜·# PrevenÃ§Ã£o.,https://scontent.fcgh7-1.fna.fbcdn.net/v/t1.0-9/101696931_941331202979979_3513727648394117120_n.jpg?_nc_cat=109&_nc_sid=110474&_nc_ohc=VAdIeRmM-QkAX-Llvbc&_nc_ht=scontent.fcgh7-1.fna&oh=90680468f4e389f2675f94dae3f1c060&oe=5F1FE0D2,/story.php?story_fbid=941331232979976&id=234499770329796
57,940632983049801,Prefeitura de IcÃ©m,"[datetime.datetime(2020, 5, 31, 17, 3, 41)]",ğŸš¨Confira o Boletim InformativoğŸš¨ de IcÃ©m referente ao Covid-19 atualizado em 31/05 Ã s 17:00h  Seguimos sem caso em investigaÃ§Ã£o em nossa cidade.  # FiqueEmCasağŸ¡ # UseMÃ¡scara ğŸ˜·# PrevenÃ§Ã£o.,https://scontent.fcgh7-1.fna.fbcdn.net/v/t1.0-9/101337155_940632966383136_3309381625665552384_n.jpg?_nc_cat=104&_nc_sid=110474&_nc_ohc=N2miO5gE-fkAX-MAorC&_nc_ht=scontent.fcgh7-1.fna&oh=65ee25361a1bfe88bd66f44fe16fb30f&oe=5F20ACB9,/story.php?story_fbid=940632983049801&id=234499770329796
58,939895953123504,Prefeitura de IcÃ©m,"[datetime.datetime(2020, 5, 30, 17, 20, 43)]",ğŸš¨Confira o Boletim InformativoğŸš¨ de IcÃ©m referente ao Covid-19 atualizado em 30/05 Ã s 17:00h  Seguimos sem caso em investigaÃ§Ã£o em nossa cidade.  # FiqueEmCasağŸ¡ # UseMÃ¡scara ğŸ˜·# PrevenÃ§Ã£o.,https://scontent.fcgh7-1.fna.fbcdn.net/v/t1.0-9/84128882_939895939790172_3550816726809575424_n.jpg?_nc_cat=100&_nc_sid=110474&_nc_ohc=RzwidSAAnXkAX8f_K7_&_nc_ht=scontent.fcgh7-1.fna&oh=81b24b2ec5064e31777f98d98286894c&oe=5F20AA1E,/story.php?story_fbid=939895953123504&id=234499770329796
59,938486406597792,Prefeitura de IcÃ©m,"[datetime.datetime(2020, 5, 28, 17, 41, 40)]",ğŸš¨Confira o Boletim InformativoğŸš¨ de IcÃ©m referente ao Covid-19 atualizado em 28/05 Ã s 17:00h  Seguimos sem caso em investigaÃ§Ã£o em nossa cidade.  # FiqueEmCasağŸ¡ # UseMÃ¡scara ğŸ˜·# PrevenÃ§Ã£o.,https://scontent.fcgh7-1.fna.fbcdn.net/v/t1.0-9/100951102_938486376597795_8123752064233766912_n.jpg?_nc_cat=104&_nc_sid=110474&_nc_oc=AQnBA7yyAIX9vQabgkm1UE0EvTkN0rihSUuOMFYMOa7P0vlytUgDXYvH1xUUg8jGM-E&_nc_ht=scontent.fcgh7-1.fna&oh=a299fb8918fb41277ac56184b192ab8f&oe=5F22BA67,/story.php?story_fbid=938486406597792&id=234499770329796
60,937799159999850,Prefeitura de IcÃ©m,"[datetime.datetime(2020, 5, 27, 17, 32, 32)]",ğŸš¨Confira o Boletim InformativoğŸš¨ de IcÃ©m referente ao Covid-19 atualizado em 27/05 Ã s 17:00h  Seguimos sem caso em investigaÃ§Ã£o em nossa cidade.  # FiqueEmCasağŸ¡ # UseMÃ¡scara ğŸ˜·# PrevenÃ§Ã£o.,https://scontent.fcgh7-1.fna.fbcdn.net/v/t1.0-9/100366287_937799143333185_2558818644532396032_o.jpg?_nc_cat=102&_nc_sid=110474&_nc_ohc=qYtKXO68R7UAX8aZFjU&_nc_ht=scontent.fcgh7-1.fna&oh=d45f9590f132f6e59d1c09e2f2ad7913&oe=5F231400,/story.php?story_fbid=937799159999850&id=234499770329796
61,937118353401264,Prefeitura de IcÃ©m,"[datetime.datetime(2020, 5, 26, 17, 20, 22)]",ğŸš¨Confira o Boletim InformativoğŸš¨ de IcÃ©m referente ao Covid-19 atualizado em 26/05 Ã s 17:00h  Seguimos sem caso em investigaÃ§Ã£o em nossa cidade.  # FiqueEmCasağŸ¡ # UseMÃ¡scara ğŸ˜·# PrevenÃ§Ã£o.,https://scontent.fcgh7-1.fna.fbcdn.net/v/t1.0-9/101074829_937118303401269_7482925201160667136_o.jpg?_nc_cat=105&_nc_sid=110474&_nc_ohc=vtsW2sqwcCQAX8XNDVG&_nc_ht=scontent.fcgh7-1.fna&oh=1c27c5ad8b93932f612e1f0a17933573&oe=5F22CC46,/story.php?story_fbid=937118353401264&id=234499770329796
63,936438846802548,Prefeitura de IcÃ©m,"[datetime.datetime(2020, 5, 25, 17, 7, 7)]",ğŸš¨Confira o Boletim InformativoğŸš¨ de IcÃ©m referente ao Covid-19 atualizado em 25/05 Ã s 17:00h  Seguimos sem caso em investigaÃ§Ã£o em nossa cidade.  # FiqueEmCasağŸ¡ # UseMÃ¡scara ğŸ˜·# PrevenÃ§Ã£o.,https://scontent.fcgh7-1.fna.fbcdn.net/v/t1.0-9/100730417_936438830135883_1706516422257016832_o.jpg?_nc_cat=102&_nc_sid=110474&_nc_ohc=fOFCByOw5F0AX_EgpjI&_nc_ht=scontent.fcgh7-1.fna&oh=bf70e6779b6df51345747f101712594c&oe=5F20434B,/story.php?story_fbid=936438846802548&id=234499770329796
64,935744646871968,Prefeitura de IcÃ©m,"[datetime.datetime(2020, 5, 24, 17, 18, 56)]",ğŸš¨Confira o Boletim InformativoğŸš¨ de IcÃ©m referente ao Covid-19 atualizado em 24/05 Ã s 17:00h  Seguimos sem caso em investigaÃ§Ã£o em nossa cidade.  # FiqueEmCasağŸ¡ # UseMÃ¡scara ğŸ˜·# PrevenÃ§Ã£o.,https://scontent.fcgh7-1.fna.fbcdn.net/v/t1.0-9/100776517_935744600205306_8513146984838725632_o.jpg?_nc_cat=109&_nc_sid=110474&_nc_ohc=LvJRutW09t4AX9Kn90p&_nc_ht=scontent.fcgh7-1.fna&oh=7c5439bbf859b1edcf6553ca904e143a&oe=5F221E1B,/story.php?story_fbid=935744646871968&id=234499770329796
65,934966390283127,Prefeitura de IcÃ©m,"[datetime.datetime(2020, 5, 23, 17, 8, 49)]",ğŸš¨Confira o Boletim Informativo de IcÃ©m referente ao Covid-19 atualizado em 23/05 Ã s 17:00h  Seguimos sem caso em investigaÃ§Ã£o em nossa cidade.  # FiqueEmCasağŸ¡ # UseMÃ¡scara ğŸ˜·# PrevenÃ§Ã£o,https://scontent.fcgh7-1.fna.fbcdn.net/v/t1.0-9/100477478_934966363616463_399352527402827776_o.jpg?_nc_cat=104&_nc_sid=110474&_nc_ohc=-u2uMHs4Iy4AX87Guom&_nc_ht=scontent.fcgh7-1.fna&oh=d8482153f7e2ce70dec20b5e7e6663b6&oe=5F203C63,/story.php?story_fbid=934966390283127&id=234499770329796
66,934317227014710,Prefeitura de IcÃ©m,"[datetime.datetime(2020, 5, 22, 17, 13, 1)]",ğŸš¨Confira o Boletim Informativo de IcÃ©m referente ao Covid-19 atualizado em 22/05 Ã s 17:13h  Seguimos sem caso em investigaÃ§Ã£o em nossa cidade.  # FiqueEmCasağŸ¡ # UseMÃ¡scara ğŸ˜·# PrevenÃ§Ã£o,https://scontent.fcgh7-1.fna.fbcdn.net/v/t1.0-9/99425514_934317200348046_2412034830066778112_o.jpg?_nc_cat=107&_nc_sid=110474&_nc_ohc=GWUZO-ZpOVwAX-0X5Fk&_nc_ht=scontent.fcgh7-1.fna&oh=edd049425334ea0fb05f766d20824852&oe=5F21C8FB,/story.php?story_fbid=934317227014710&id=234499770329796
69,933681570411609,Prefeitura de IcÃ©m,"[datetime.datetime(2020, 5, 21, 18, 20, 43)]",ğŸš¨Confira o Boletim Informativo de IcÃ©m referente ao Covid-19 atualizado em 21/05 Ã s 18h00. Seguimos sem caso em investigaÃ§Ã£o em nossa cidade.  # FiqueEmCasağŸ¡ # UseMÃ¡scara ğŸ˜·# PrevenÃ§Ã£o,https://scontent.fcgh7-1.fna.fbcdn.net/v/t1.0-9/99090639_933681550411611_2407944097055637504_o.jpg?_nc_cat=103&_nc_sid=110474&_nc_ohc=NXvEMcjH4ioAX__ptsi&_nc_ht=scontent.fcgh7-1.fna&oh=fe046e5dffdba4cc7a28d07096206c66&oe=5F20A1A0,/story.php?story_fbid=933681570411609&id=234499770329796
70,932964337149999,Prefeitura de IcÃ©m,"[datetime.datetime(2020, 5, 20, 18, 15, 26)]",ğŸš¨Confira o Boletim Informativo de IcÃ©m referente ao Covid-19 atualizado em 20/05 Ã s 18h00. Seguimos sem caso em investigaÃ§Ã£o em nossa cidade.  # FiqueEmCasağŸ¡ # UseMÃ¡scara ğŸ˜·# PrevenÃ§Ã£o,https://scontent.fcgh7-1.fna.fbcdn.net/v/t1.0-9/98458409_932964313816668_5922238539398905856_o.jpg?_nc_cat=100&_nc_sid=110474&_nc_ohc=O6ZT-cFL94gAX8-fBHn&_nc_ht=scontent.fcgh7-1.fna&oh=7974bd13c1cbf90e49f44ba53a48845e&oe=5F1FF0E8,/story.php?story_fbid=932964337149999&id=234499770329796
71,932237137222719,Prefeitura de IcÃ©m,"[datetime.datetime(2020, 5, 19, 17, 36, 23)]",ğŸš¨Confira o Boletim Informativo de IcÃ©m referente ao Covid-19 atualizado em 19/05 Ã s 17h30. Seguimos sem caso em InvestigaÃ§Ã£o em nossa Cidade .  # FiqueEmCasa ğŸ¡# UseMÃ¡scarağŸ˜· # PrevenÃ§Ã£oğŸš¨,https://scontent.fcgh7-1.fna.fbcdn.net/v/t1.0-9/98319574_932237087222724_3784596383755927552_o.jpg?_nc_cat=102&_nc_sid=110474&_nc_ohc=m3a5xMcHvAQAX-PGGcj&_nc_ht=scontent.fcgh7-1.fna&oh=041cac48f0a32b32ccb5f4fc5d6674bc&oe=5F22B1E7,/story.php?story_fbid=932237137222719&id=234499770329796
72,931599930619773,Prefeitura de IcÃ©m,"[datetime.datetime(2020, 5, 18, 19, 7, 39)]",ğŸš¨Confira o Boletim Informativo de IcÃ©m referente ao Covid-19 atualizado em 18/05 Ã s 18:10 minuto . Seguimos sem caso em investigaÃ§Ã£o em nossa cidade.  # Fique Em Casa # Use MÃ¡scara # PrevenÃ§Ã£oğŸ˜·ğŸ˜·ğŸ˜·ğŸ˜·ğŸ¡ğŸ¡ğŸ¡,https://scontent.fcgh7-1.fna.fbcdn.net/v/t1.0-9/99557638_931599903953109_3187580416190054400_o.jpg?_nc_cat=108&_nc_sid=110474&_nc_ohc=MSniOWjo6F0AX88ronB&_nc_ht=scontent.fcgh7-1.fna&oh=aa6e153aa3b5f5305184d5dba1643ccc&oe=5F20F3C7,/story.php?story_fbid=931599930619773&id=234499770329796
73,930854597360973,Prefeitura de IcÃ©m,"[datetime.datetime(2020, 5, 17, 17, 52, 28)]",ğŸš¨Confira o Boletim Informativo de IcÃ©m referente ao Covid-19 atualizado em 17/05 Ã s 17h50. Seguimos com um caso em investigaÃ§Ã£o em nossa cidade.  # FiqueEmCasa # UseMÃ¡scara # PrevenÃ§Ã£oğŸ¡ğŸ˜·,https://scontent.fcgh7-1.fna.fbcdn.net/v/t1.0-9/99293486_930854574027642_5964521276952281088_o.jpg?_nc_cat=102&_nc_sid=110474&_nc_ohc=d6CtDbGDLkMAX9sbIao&_nc_ht=scontent.fcgh7-1.fna&oh=ff2d578772f67a5f5adbab99c508d265&oe=5F1F3F2D,/story.php?story_fbid=930854597360973&id=234499770329796
74,930050567441376,Prefeitura de IcÃ©m,"[datetime.datetime(2020, 5, 16, 18, 58, 1)]",ğŸš¨Confira o Boletim InformativoğŸš¨  De IcÃ©m  referente ao Covid-19 Atualizado em 15/05 Ã s 17h40. Seguimos com um caso em investigaÃ§Ã£o em nossa cidade.  # FiqueEmCasa # UseMÃ¡scara # PrevenÃ§Ã£oğŸ¡ğŸ˜·ğŸ˜·,https://scontent.fcgh7-1.fna.fbcdn.net/v/t1.0-9/98188329_930050547441378_6164267965232447488_n.jpg?_nc_cat=104&_nc_sid=110474&_nc_ohc=ddBb4FGJh8kAX9cNucv&_nc_ht=scontent.fcgh7-1.fna&oh=01966635984d6674f05b58e250949bbc&oe=5F1FF206,/story.php?story_fbid=930050567441376&id=234499770329796
75,929337364179363,Prefeitura de IcÃ©m,"[datetime.datetime(2020, 5, 15, 17, 49, 59)]",ğŸš¨Confira o Boletim Informativo de IcÃ©m referente ao Covid-19 atualizado em 15/05 Ã s 17:40 minuto . Seguimos com um caso em investigaÃ§Ã£o em nossa cidade.  # Fique Em Casa # Use MÃ¡scara # PrevenÃ§Ã£oğŸ˜·ğŸ˜·ğŸ˜·ğŸ˜·ğŸ¡ğŸ¡ğŸ¡,https://scontent.fcgh7-1.fna.fbcdn.net/v/t1.0-9/97928047_929337347512698_6727374122319347712_o.jpg?_nc_cat=103&_nc_sid=110474&_nc_ohc=0GQdwCgDDZ0AX9Dn18y&_nc_ht=scontent.fcgh7-1.fna&oh=4c70aea830fdacff431512dac6b0e59e&oe=5F22E32A,/story.php?story_fbid=929337364179363&id=234499770329796
76,928653134247786,Prefeitura de IcÃ©m,"[datetime.datetime(2020, 5, 14, 20, 46, 35)]",ğŸš¨Confira o Boletim Informativo değŸ¡ICÃ‰M  referente ao Covid-19 atualizado em 14/05 Ã s 17:00 horas Seguimos sem nenhum caso confirmado em nossa cidade.  # Fique Em Casa # Use MÃ¡scara # ğŸ¡ğŸ¡ğŸ¡ğŸ¡PrevenÃ§Ã£o,https://scontent.fcgh7-1.fna.fbcdn.net/v/t1.0-9/97313236_928653120914454_6918698237998137344_n.jpg?_nc_cat=103&_nc_sid=110474&_nc_ohc=iOZqZWHmzf8AX9odS3W&_nc_ht=scontent.fcgh7-1.fna&oh=4a903ce0fa81d17c35bfad083a94e3f1&oe=5F1F6659,/story.php?story_fbid=928653134247786&id=234499770329796
77,927855387660894,Prefeitura de IcÃ©m,"[datetime.datetime(2020, 5, 13, 17, 2, 26)]",ğŸš¨Confira o Boletim Informativo değŸ¡ICÃ‰M  referente ao Covid-19 atualizado em 13/05 Ã s 17:00 horas Seguimos sem nenhum caso confirmado em nossa cidade.  # Fique Em Casa # Use MÃ¡scara # ğŸ¡ğŸ¡ğŸ¡ğŸ¡PrevenÃ§Ã£o,https://scontent.fcgh7-1.fna.fbcdn.net/v/t1.0-9/96870422_927855344327565_7264735815937294336_o.jpg?_nc_cat=110&_nc_sid=8024bb&_nc_oc=AQk4JsOF_n4oAzDQ5s3V26q9ihtTJ3Evd1-QyTeKQw8tLulGYWmHQlJkZoPGvaRyIX0&_nc_ht=scontent.fcgh7-1.fna&oh=5e246631897ef27d8a263e0ca0c5e09d&oe=5F2295EB,/story.php?story_fbid=927855387660894&id=234499770329796
78,927102641069502,Prefeitura de IcÃ©m,"[datetime.datetime(2020, 5, 12, 17, 44, 58)]",ğŸš¨Confira o Boletim Informativo de IcÃ©m referente ao Covid-19 atualizado em 12/05 Ã s 17:40 horas Seguimos sem nenhum caso confirmado em nossa cidade.  # Fique Em Casa # Use MÃ¡scara # PrevenÃ§Ã£o ğŸ¡ğŸ¡ğŸ¡,https://scontent.fcgh7-1.fna.fbcdn.net/v/t1.0-9/97325407_927102491069517_3271903397443272704_o.jpg?_nc_cat=110&_nc_sid=8024bb&_nc_ohc=zUI3DAvCjisAX9Sztno&_nc_ht=scontent.fcgh7-1.fna&oh=d0c7960c14d82f82ff02cc35e0e6e16f&oe=5F1F6176,/story.php?story_fbid=927102641069502&id=234499770329796
79,926448024468297,Prefeitura de IcÃ©m,"[datetime.datetime(2020, 5, 11, 19, 38, 52)]",Boletim Informativo Atualizado :CORONAVÃRUS  Segunda-Feira 11/05/20 (ICÃ‰M),https://scontent.fcgh7-1.fna.fbcdn.net/v/t1.0-9/97003602_926447841134982_1401152416539213824_o.jpg?_nc_cat=111&_nc_sid=8024bb&_nc_ohc=Ljxn5j1472kAX83VGqp&_nc_ht=scontent.fcgh7-1.fna&oh=5f44be2cc47d125d969ab945f9f5933c&oe=5F1FF9C9,/story.php?story_fbid=926448024468297&id=234499770329796
80,925721217874311,Prefeitura de IcÃ©m,"[datetime.datetime(2020, 5, 10, 19, 36, 35)]",Boletim Informativo Atualizado :CORONAVÃROS Domingo 10/05/20 (ICÃ‰M),https://scontent.fcgh7-1.fna.fbcdn.net/v/t1.0-9/96833868_925721134540986_6942710996423147520_n.jpg?_nc_cat=105&_nc_sid=8024bb&_nc_ohc=wJojnRP2xgwAX9xu3NU&_nc_ht=scontent.fcgh7-1.fna&oh=4991c3d071da687a629fb688194a262c&oe=5F1FB2F4,/story.php?story_fbid=925721217874311&id=234499770329796
81,925256867920746,Prefeitura de IcÃ©m,"[datetime.datetime(2020, 5, 10, 7, 36, 33)]",Boletim Informativo Atualizado CORONAVÃRUS :SÃ¡bado 09/05/20 (IcÃ©m ),https://scontent.fcgh7-1.fna.fbcdn.net/v/t1.0-9/96797367_925256791254087_8807751594968875008_o.jpg?_nc_cat=103&_nc_sid=8024bb&_nc_ohc=OeyLp8dk5OEAX_oZS-c&_nc_ht=scontent.fcgh7-1.fna&oh=7758d5217272addf3ab970b847bde41f&oe=5F21C63F,/story.php?story_fbid=925256867920746&id=234499770329796
82,924278034685296,Prefeitura de IcÃ©m,"[datetime.datetime(2020, 5, 8, 23, 25, 43)]",Boletim Informativo Atualizado :CORONAVÃRUS ğŸš‘ (IcÃ©m) 08/05/20,https://scontent.fcgh7-1.fna.fbcdn.net/v/t1.0-9/96734185_924277981351968_6005570684581838848_n.jpg?_nc_cat=110&_nc_sid=8024bb&_nc_oc=AQkZEEB7hQFp3X1uh9Wea30uAgiuWr83JypkvJ3y9vTtiClWsf27r_j5_BHXH1nlRaU&_nc_ht=scontent.fcgh7-1.fna&oh=4d2e4b915076b91c138647105fd0fcac&oe=5F1F6A40,/story.php?story_fbid=924278034685296&id=234499770329796
84,923407364772363,Prefeitura de IcÃ©m,"[datetime.datetime(2020, 5, 7, 18, 28, 47)]",Boletim Informativo atualizado: CORONAVÃRUS (ICÃ‰M) 07/05/2020  ğŸš‘.,https://scontent.fcgh7-1.fna.fbcdn.net/v/t1.0-9/96232413_923406404772459_3745821230029078528_n.png?_nc_cat=104&_nc_sid=8024bb&_nc_ohc=3-4vmSIQwP0AX96fU5u&_nc_ht=scontent.fcgh7-1.fna&oh=5cd857b8dbc0a585920387eba60574a9&oe=5F20C144,/story.php?story_fbid=923407364772363&id=234499770329796
86,922724191507347,Prefeitura de IcÃ©m,"[datetime.datetime(2020, 5, 6, 19, 0, 57)]",Boletim Informativo atualizado:CORONAVÃRUSğŸ¥ (IcÃ©m) 06/05/2020,https://scontent.fcgh7-1.fna.fbcdn.net/v/t1.0-9/96712898_922724158174017_3986519546713341952_o.jpg?_nc_cat=103&_nc_sid=110474&_nc_ohc=KibF5tghqD4AX9ePKLN&_nc_ht=scontent.fcgh7-1.fna&oh=75f86f248bdec888b8aad8390e80fecf&oe=5F206881,/story.php?story_fbid=922724191507347&id=234499770329796
87,922017348244698,Prefeitura de IcÃ©m,"[datetime.datetime(2020, 5, 5, 17, 48, 45)]",Boletim Informativo atualizado:CORONAVÃRUSğŸ¥ (IcÃ©m) 05/05/20,https://scontent.fcgh7-1.fna.fbcdn.net/v/t1.0-9/96084271_922017324911367_4867881156936204288_o.jpg?_nc_cat=103&_nc_sid=110474&_nc_ohc=iEW3l3GQ17EAX9RhmTL&_nc_ht=scontent.fcgh7-1.fna&oh=b91290e41e2a0b0cfe9a58cc16e538df&oe=5F20DA77,/story.php?story_fbid=922017348244698&id=234499770329796
93,921395901640176,Prefeitura de IcÃ©m,"[datetime.datetime(2020, 5, 4, 19, 44, 34)]",Boletim Informativo ğŸš‘ atualizado : CoronavÃ­rus (IcÃ©m) 04/05/20,https://scontent.fcgh7-1.fna.fbcdn.net/v/t1.0-9/95925063_921395718306861_4845695211310940160_o.jpg?_nc_cat=107&_nc_sid=8024bb&_nc_ohc=BaWF-DTYClAAX_ymJ2q&_nc_ht=scontent.fcgh7-1.fna&oh=5a8e6793ce0412db1d8b1403975bde58&oe=5F1FAD22,/story.php?story_fbid=921395901640176&id=234499770329796
94,920747925038307,Prefeitura de IcÃ©m,"[datetime.datetime(2020, 5, 3, 21, 49, 11)]",Boletim Informativo atualizado:CORONAVÃRUSğŸ¥ (IcÃ©m) 03/05/2020,https://scontent.fcgh7-1.fna.fbcdn.net/v/t1.0-9/95819000_920747815038318_6682925626032128000_o.jpg?_nc_cat=107&_nc_sid=8024bb&_nc_ohc=owQk3xowXJwAX9OapRK&_nc_ht=scontent.fcgh7-1.fna&oh=913b80db1113d36c8d20daae1089c754&oe=5F20CDD6,/story.php?story_fbid=920747925038307&id=234499770329796
95,919967415116358,Prefeitura de IcÃ©m,"[datetime.datetime(2020, 5, 2, 18, 17, 9)]",Boletim Informativo atualizadoğŸ¥ CORONAVÃRUS (IcÃ©m) 02/05/2020,https://scontent.fcgh7-1.fna.fbcdn.net/v/t1.0-9/95636467_919967281783038_7343471469940178944_o.jpg?_nc_cat=109&_nc_sid=8024bb&_nc_ohc=KLzMQ3JttcUAX-PHT57&_nc_ht=scontent.fcgh7-1.fna&oh=07a5421d7be0122099e70b49243084f1&oe=5F22D0F8,/story.php?story_fbid=919967415116358&id=234499770329796
96,918593851920381,Prefeitura de IcÃ©m,"[datetime.datetime(2020, 4, 30, 18, 38, 45)]",Boletim Informativo atualizadoğŸ¥ CORONAVÃRUS (IcÃ©m) 30/04/2020,https://scontent.fcgh7-1.fna.fbcdn.net/v/t1.0-9/95515946_918593745253725_2076431789273907200_o.jpg?_nc_cat=102&_nc_sid=8024bb&_nc_ohc=6qaGrtkZzyQAX-0BbcB&_nc_ht=scontent.fcgh7-1.fna&oh=4f529a97b87273eecd9f99c0d93684e5&oe=5F1FBC18,/story.php?story_fbid=918593851920381&id=234499770329796
98,917796282000138,Prefeitura de IcÃ©m,"[datetime.datetime(2020, 4, 29, 17, 35, 9)]",Boletim Informativo atualizadoğŸ¥ CORONAVÃRUS  (IcÃ©m) 29/04/2020,https://scontent.fcgh7-1.fna.fbcdn.net/v/t1.0-9/95654399_917796185333481_3084008783085568000_o.jpg?_nc_cat=108&_nc_sid=8024bb&_nc_oc=AQkc0cZuOw3Ge48JzfifeUd28rcIhSHO5vMvblGNFExE5bN6UGoOgMqd_k9t6EW3P68&_nc_ht=scontent.fcgh7-1.fna&oh=5b998d30d38a7827a2e6af29f880136e&oe=5F22E142,/story.php?story_fbid=917796282000138&id=234499770329796
100,917122198734213,Prefeitura de IcÃ©m,"[datetime.datetime(2020, 4, 28, 18, 53, 39)]",Boletim Informativo atualizado ğŸš‘ CORONAVÃRUS (IcÃ©m) 28/04/2020,https://scontent.fcgh7-1.fna.fbcdn.net/v/t1.0-9/95160012_917122072067559_2095005143417225216_o.jpg?_nc_cat=102&_nc_sid=8024bb&_nc_ohc=1HudrNXJqjUAX9I9xQg&_nc_ht=scontent.fcgh7-1.fna&oh=4ffaa8f99014a065346a9b13bc65edcc&oe=5F218D24,/story.php?story_fbid=917122198734213&id=234499770329796
101,916383368808096,"Prefeitura de IcÃ©m,Lima na Lata","[datetime.datetime(2020, 4, 27, 17, 36, 47)]",Boletim Informativo atualizadoğŸ¥ CORONAVÃRUS  (IcÃ©m) 27/04/2020GOVERNADOR JOÃƒO DÃ“RIA - ADVOGADO REQUER ALTERAÃ‡ÃƒO DE DECRETOS QUE ESTÃƒO DESTRUINDO A ECONOMIA DE SP,https://scontent.fcgh7-1.fna.fbcdn.net/v/t1.0-9/95014482_916383285474771_3555886342997016576_o.jpg?_nc_cat=105&_nc_sid=8024bb&_nc_oc=AQmZjdiK0eP8RuMo6Ko7IerTq3C8T4PRaV4F9wI22ue7bFLfCASICzdcWR9EeemyyNE&_nc_ht=scontent.fcgh7-1.fna&oh=413c6f389a58970c49351cad1ab2bb44&oe=5F22D246,/story.php?story_fbid=916383368808096&id=234499770329796
108,896425497470550,Prefeitura de IcÃ©m,"[datetime.datetime(2020, 3, 31, 17, 2, 55)]",Boletim InformativoğŸ¥ CORONAVÃRUS  (IcÃªm) 31/03/2020,https://scontent.fcgh7-1.fna.fbcdn.net/v/t1.0-9/91779973_896425470803886_2414120285797089280_o.jpg?_nc_cat=106&_nc_sid=110474&_nc_oc=AQlyMMsrsPKIIBF1G7O9CG8etb6_x4evF_uaEISErTxAmSRIQoqwJqD7iZjkmF4HphQ&_nc_ht=scontent.fcgh7-1.fna&oh=6471d08b5636bdea68dc5a7bf16e22e4&oe=5F219F63,/story.php?story_fbid=896425497470550&id=234499770329796
112,893512011095232,Prefeitura de IcÃ©m,"[datetime.datetime(2020, 3, 27, 18, 2, 10)]",Boletim Informativo CoronavÃ­rus em IcÃ©m   27/03/2020 ğŸ¥Informado pela DivisÃ£o Municipal de SaÃºde,https://scontent.fcgh7-1.fna.fbcdn.net/v/t1.0-9/91378882_893511974428569_3028233126598934528_o.jpg?_nc_cat=105&_nc_sid=110474&_nc_ohc=LAH7lV2F2GkAX_kz5lu&_nc_ht=scontent.fcgh7-1.fna&oh=b3426f0ddb54262c8529cff2798419ea&oe=5F210586,/story.php?story_fbid=893512011095232&id=234499770329796
116,892766317836468,Prefeitura de IcÃ©m,"[datetime.datetime(2020, 3, 26, 17, 44, 7)]",Boletim InformativoğŸ¥ CORONAVÃRUS  (IcÃªm) 26/03/2020,https://scontent.fcgh7-1.fna.fbcdn.net/v/t1.0-9/91265482_892766297836470_3833239993644482560_o.jpg?_nc_cat=104&_nc_sid=110474&_nc_ohc=EB-Od9_sRWMAX-OKiAq&_nc_ht=scontent.fcgh7-1.fna&oh=b20f4ef1d55619d4d3131cc37324f523&oe=5F1FC0A2,/story.php?story_fbid=892766317836468&id=234499770329796
119,891988834580883,Prefeitura de IcÃ©m,"[datetime.datetime(2020, 3, 25, 17, 41, 29)]",Boletim InformativoğŸ¥ CORONAVÃRUS  (IcÃªm) 25/03/2020,https://scontent.fcgh7-1.fna.fbcdn.net/v/t1.0-9/90821675_891988811247552_1400737956490117120_o.jpg?_nc_cat=107&_nc_sid=110474&_nc_ohc=v0IGHC9cdkAAX-FO8qw&_nc_ht=scontent.fcgh7-1.fna&oh=387d6ed92ae71fe9ed4b27c0d417a939&oe=5F211C9A,/story.php?story_fbid=891988834580883&id=234499770329796
121,891246181321815,Prefeitura de IcÃ©m,"[datetime.datetime(2020, 3, 24, 18, 36, 57)]",Boletim InformativoğŸ¥ CORONAVÃRUS  (IcÃªm) 24/03/2020,https://scontent.fcgh7-1.fna.fbcdn.net/v/t1.0-9/90718259_891246154655151_8683701072465756160_o.jpg?_nc_cat=101&_nc_sid=110474&_nc_ohc=G3QSZ3gTo8QAX_PrXd5&_nc_ht=scontent.fcgh7-1.fna&oh=d48ddaa38c29a22f5973759657cb3d02&oe=5F21C6DE,/story.php?story_fbid=891246181321815&id=234499770329796
127,889596544820112,Prefeitura de IcÃ©m,"[datetime.datetime(2020, 3, 22, 17, 5, 21)]","ğŸ“¢âœ… Boletim Informativo de domingo, 23 de marÃ§o registrando nenhum caso de #CoronavÃ­rus (Covid-19) em IcÃ©mğŸ“‘ ğŸ‘‰AtenÃ§Ã£o:  A DivisÃ£o Municipal de SaÃºde solicita Ã  populaÃ§Ã£o que utilize os serviÃ§os de saÃºde apenas em caso de extrema necessidade.  O uso consciente dos serviÃ§os facilita o atendimento para quem precisa de verdade e ajuda os profissionais de saÃºde que estÃ£o trabalhando por nÃ³s. ğŸ¥ğŸ‘©â€âš•ï¸ğŸ‘¨â€âš•ï¸ â¡ï¸Com serenidade, consciÃªncia e coletividade vamos juntos acabar com o #CoronavÃ­rus! #populaÃ§Ã£ofiqueemcasağŸ˜ #prevenÃ§Ã£o #higiene  ğŸ‘µğŸ§“ğŸ‘§ğŸ‘¦ğŸ¤±ğŸ¤°ğŸ™‹â€â™‚ï¸ğŸ’â€â™‚ï¸ğŸ’â€â™€ï¸ğŸ§˜â€â™‚ï¸ğŸ§˜â€â™€ï¸ğŸ‘¨â€ğŸ‘©â€ğŸ‘§â€ğŸ‘¦ğŸ‘¨â€ğŸ‘©â€ğŸ‘§â€ğŸ‘§ğŸ‘¨â€ğŸ‘©â€ğŸ‘¦â€ğŸ‘¦ğŸ‘¨â€ğŸ‘¦ğŸ‘¨â€ğŸ‘¦â€ğŸ‘¦ğŸ‘¨â€ğŸ‘§ğŸ‘¨â€ğŸ‘§â€ğŸ‘¦ğŸ‘©â€ğŸ‘§â€ğŸ‘§ğŸ‘©â€ğŸ‘§â€ğŸ‘¦ğŸ‘©â€ğŸ‘§ğŸ‘©â€ğŸ‘¦â€ğŸ‘¦ğŸ‘©â€ğŸ‘¦ğŸ‘¨â€ğŸ‘§â€ğŸ‘§ğŸ‘¨â€ğŸ‘©â€ğŸ‘§ğŸ‘ª #NÃ³sInformamosVocÃª #Compartilhe #EssaLutaÃ‰deTodos",https://scontent.fcgh7-1.fna.fbcdn.net/v/t1.0-9/90511038_889596514820115_4631195890189598720_o.jpg?_nc_cat=110&_nc_sid=110474&_nc_ohc=UfN7Zeq-GB0AX9hI3l7&_nc_ht=scontent.fcgh7-1.fna&oh=0c2c74624f58590e34271bd97572f0da&oe=5F225897,/story.php?story_fbid=889596544820112&id=234499770329796
129,888791801567253,Prefeitura de IcÃ©m,"[datetime.datetime(2020, 3, 21, 15, 34, 46)]",COMPARTILHANDO â€“ Boletim informativo diÃ¡rio sobre o coronavÃ­rus em IcÃªm. Pedimos por gentileza que evitem sair de suas residÃªncias !ğŸ˜,https://scontent.fcgh7-1.fna.fbcdn.net/v/t1.0-9/90513945_888791771567256_153463201575469056_o.jpg?_nc_cat=108&_nc_sid=110474&_nc_ohc=MeYXqZMi-1IAX_DXvKW&_nc_ht=scontent.fcgh7-1.fna&oh=c8de9db56c33ff0716ccfce15df48c86&oe=5F210CFA,/story.php?story_fbid=888791801567253&id=234499770329796
